[
  {
    "value": "addition",
    "synonyms": [
      "addition",
      "add",
      "plus",
      "+"
    ]
  },
  {
    "value": "subtraction",
    "synonyms": [
      "subtraction",
      "sub",
      "minus",
      "difference",
      "-"
    ]
  },
  {
    "value": "multiplication",
    "synonyms": [
      "multiplication",
      "multiply",
      "*",
      "mul",
      "multiplied"
    ]
  },
  {
    "value": "division",
    "synonyms": [
      "division",
      "divide",
      "/",
      "div",
      "divided",
      "quotient"
    ]
  }
]